{"cameraMode":{"drawMode":0,"name":"Shaded","section":"Shading Mode"},"sceneLighting":true,"audioPlay":false,"sceneViewState":{"showFog":true,"showMaterialUpdate":false,"showSkybox":true,"showFlares":true,"showImageEffects":true,"showParticleSystems":true},"in2DMode":false,"pivot":{"x":-20.08203125,"y":0.042665064334869388,"z":-22.823205947875978},"rotation":{"x":0.03877310827374458,"y":0.6295985579490662,"z":-0.03170016035437584,"w":0.7755097150802612},"size":46.31708908081055,"orthographic":true}