{"cameraMode":{"drawMode":0,"name":"Shaded","section":"Shading Mode"},"sceneLighting":true,"audioPlay":false,"sceneViewState":{"showFog":true,"showMaterialUpdate":false,"showSkybox":true,"showFlares":true,"showImageEffects":true,"showParticleSystems":true},"in2DMode":false,"pivot":{"x":-1.4869017601013184,"y":2.153000593185425,"z":-1.274579644203186},"rotation":{"x":0.11360291391611099,"y":0.4455833435058594,"z":-0.05711717903614044,"w":0.8861697912216187},"size":0.17846840620040894,"orthographic":true}