{"cameraMode":{"drawMode":0,"name":"Shaded","section":"Shading Mode"},"sceneLighting":false,"audioPlay":false,"sceneViewState":{"showFog":true,"showMaterialUpdate":false,"showSkybox":false,"showFlares":true,"showImageEffects":true,"showParticleSystems":true},"in2DMode":false,"pivot":{"x":-0.06706490367650986,"y":-0.05131539702415466,"z":-0.002234846353530884},"rotation":{"x":-0.007037365343421698,"y":-0.9841023683547974,"z":-0.17299498617649079,"w":0.041091371327638629},"size":0.48705849051475527,"orthographic":true}