{"cameraMode":{"drawMode":0,"name":"Shaded","section":"Shading Mode"},"sceneLighting":true,"audioPlay":false,"sceneViewState":{"showFog":true,"showMaterialUpdate":false,"showSkybox":true,"showFlares":true,"showImageEffects":true,"showParticleSystems":true},"in2DMode":false,"pivot":{"x":-1.2462711334228516,"y":2.2584521770477297,"z":-2.1876749992370607},"rotation":{"x":0.1763668805360794,"y":0.5714752674102783,"z":-0.1273788958787918,"w":0.7912561297416687},"size":0.36517301201820376,"orthographic":false}